yearID,teamID,total_spend,cumu_sum
1997,ANA,31135472,31.1
1998,ANA,41281000,72.4
1999,ANA,55388166,127.8
2000,ANA,51464167,179.3
2001,ANA,47535167,226.8
2002,ANA,61721667,288.5
2003,ANA,79031667,367.6
2004,ANA,100534667,468.1
1998,ARI,32347000,32.3
1999,ARI,68703999,101.1
2000,ARI,81027833,182.1
2001,ARI,85082999,267.2
2002,ARI,102819999,370.0
2003,ARI,80657000,450.6
2004,ARI,69780750,520.4
2005,ARI,62329166,582.7
2006,ARI,59684226,642.4
2007,ARI,52067546,694.5
2008,ARI,66202712,760.7
2009,ARI,73115666,833.8
2010,ARI,60718166,894.5
2011,ARI,53639833,948.2
2012,ARI,73804833,1022.0
2013,ARI,90132000,1112.1
2014,ARI,97861500,1210.0
1985,ATL,14807000,14.8
1986,ATL,17102786,31.9
1987,ATL,16544560,48.5
1988,ATL,12728174,61.2
1989,ATL,11112334,72.3
1990,ATL,14555501,86.9
1991,ATL,18403500,105.3
1992,ATL,34625333,139.9
1993,ATL,41641417,181.5
1994,ATL,49383513,230.9
1995,ATL,47235445,278.1
1996,ATL,49698500,327.8
1997,ATL,52278500,380.1
1998,ATL,61186000,441.3
1999,ATL,73140000,514.4
2000,ATL,84537836,599.0
2001,ATL,91936166,690.9
2002,ATL,92870367,783.8
2003,ATL,106243667,890.0
2004,ATL,90182500,980.2
2005,ATL,86457302,1066.7
2006,ATL,90156876,1156.8
2007,ATL,87290833,1244.1
2008,ATL,102365683,1346.5
2009,ATL,96726166,1443.2
2010,ATL,84423666,1527.6
2011,ATL,87002692,1614.6
2012,ATL,82829942,1697.5
2013,ATL,87871525,1785.3
2014,ATL,97609000,1882.9
1985,BAL,11560712,11.6
1986,BAL,13001258,24.6
1987,BAL,13900273,38.5
1988,BAL,13532075,52.0
1989,BAL,8275167,60.3
1990,BAL,9680084,69.9
1991,BAL,17519000,87.5
1992,BAL,23780667,111.2
1993,BAL,29096500,140.3
1994,BAL,38849769,179.2
1995,BAL,43942521,223.1
1996,BAL,54490315,277.6
1997,BAL,58516400,336.1
1998,BAL,72355634,408.5
1999,BAL,80605863,489.1
2000,BAL,81447435,570.6
2001,BAL,67599540,638.2
2002,BAL,60493487,698.6
2003,BAL,73877500,772.5
2004,BAL,51623333,824.1
2005,BAL,73914333,898.1
2006,BAL,72585582,970.6
2007,BAL,93174808,1063.8
2008,BAL,67196246,1131.0
2009,BAL,67101666,1198.1
2010,BAL,81612500,1279.7
2011,BAL,85304038,1365.0
2012,BAL,77353999,1442.4
2013,BAL,84393333,1526.8
2014,BAL,103416000,1630.2
1985,BOS,10897560,10.9
1986,BOS,14402239,25.3
1987,BOS,10144167,35.4
1988,BOS,13896092,49.3
1989,BOS,17481748,66.8
1990,BOS,20558333,87.4
1991,BOS,35167500,122.5
1992,BOS,43610584,166.2
1993,BOS,37120583,203.3
1994,BOS,37859084,241.1
1995,BOS,32455518,273.6
1996,BOS,42393500,316.0
1997,BOS,43558750,359.5
1998,BOS,56757000,416.3
1999,BOS,63497500,479.8
2000,BOS,77940333,557.7
2001,BOS,110035833,667.8
2002,BOS,108366060,776.1
2003,BOS,99946500,876.1
2004,BOS,127298500,1003.4
2005,BOS,123505125,1126.9
2006,BOS,120099824,1247.0
2007,BOS,143026214,1390.0
2008,BOS,133390035,1523.4
2009,BOS,121345999,1644.8
2010,BOS,162447333,1807.2
2011,BOS,161762475,1969.0
2012,BOS,173186617,2142.2
2013,BOS,151530000,2293.7
2014,BOS,139019929,2432.7
1985,CAL,14427894,14.4
1986,CAL,14427258,28.9
1987,CAL,12843499,41.7
1988,CAL,11947388,53.6
1989,CAL,15097833,68.7
1990,CAL,21720000,90.5
1991,CAL,33060001,123.5
1992,CAL,34749334,158.3
1993,CAL,28588334,186.9
1994,CAL,25156218,212.0
1995,CAL,31223171,243.2
1996,CAL,28738000,272.0
1985,CHA,9846178,9.8
1986,CHA,10418819,20.3
1987,CHA,10641843,30.9
1988,CHA,6390000,37.3
1989,CHA,7265410,44.6
1990,CHA,9491500,54.1
1991,CHA,16919667,71.0
1992,CHA,30160833,101.1
1993,CHA,39696166,140.8
1994,CHA,39183836,180.0
1995,CHA,46961282,227.0
1996,CHA,45139500,272.1
1997,CHA,57740000,329.9
1998,CHA,38335000,368.2
1999,CHA,25620000,393.8
2000,CHA,31133500,424.9
2001,CHA,65653667,490.6
2002,CHA,57052833,547.7
2003,CHA,51010000,598.7
2004,CHA,65212500,663.9
2005,CHA,75178000,739.1
2006,CHA,102750667,841.8
2007,CHA,108671833,950.5
2008,CHA,121189332,1071.7
2009,CHA,96068500,1167.7
2010,CHA,105530000,1273.3
2011,CHA,127789000,1401.0
2012,CHA,96919500,1498.0
2013,CHA,120065277,1618.0
2014,CHA,81830500,1699.9
1985,CHN,12702917,12.7
1986,CHN,17208165,29.9
1987,CHN,14307999,44.2
1988,CHN,13119198,57.3
1989,CHN,10668000,68.0
1990,CHN,13624000,81.6
1991,CHN,23175667,104.8
1992,CHN,29829686,134.6
1993,CHN,39386666,174.0
1994,CHN,36287333,210.3
1995,CHN,29505834,239.8
1996,CHN,33081000,272.9
1997,CHN,42155333,315.1
1998,CHN,50838000,365.9
1999,CHN,62343000,428.2
2000,CHN,60539333,488.8
2001,CHN,64715833,553.5
2002,CHN,75690833,629.2
2003,CHN,79868333,709.0
2004,CHN,90560000,799.6
2005,CHN,87032933,886.6
2006,CHN,94424499,981.1
2007,CHN,99670332,1080.7
2008,CHN,118345833,1199.1
2009,CHN,134809000,1333.9
2010,CHN,146609000,1480.5
2011,CHN,125047329,1605.5
2012,CHN,88197033,1693.7
2013,CHN,100567726,1794.3
2014,CHN,65522500,1859.8
1985,CIN,8359917,8.4
1986,CIN,11906388,20.3
1987,CIN,9281500,29.5
1988,CIN,8888409,38.4
1989,CIN,11072000,49.5
1990,CIN,14370000,63.9
1991,CIN,26305333,90.2
1992,CIN,35931499,126.1
1993,CIN,44879666,171.0
1994,CIN,40961833,212.0
1995,CIN,43144670,255.1
1996,CIN,42526334,297.6
1997,CIN,49768000,347.4
1998,CIN,23005000,370.4
1999,CIN,33962761,404.4
2000,CIN,46867200,451.2
2001,CIN,48986000,500.2
2002,CIN,45050390,545.3
2003,CIN,59355667,604.6
2004,CIN,46615250,651.2
2005,CIN,61892583,713.1
2006,CIN,60909519,774.0
2007,CIN,68524980,842.6
2008,CIN,74117695,916.7
2009,CIN,73558500,990.2
2010,CIN,71761542,1062.0
2011,CIN,75947134,1137.9
2012,CIN,82203616,1220.2
2013,CIN,106404462,1326.6
2014,CIN,108217500,1434.8
1985,CLE,6551666,6.6
1986,CLE,7809500,14.4
1987,CLE,8513750,22.9
1988,CLE,8936500,31.8
1989,CLE,9094500,40.9
1990,CLE,14487000,55.4
1991,CLE,17635000,73.0
1992,CLE,9373044,82.4
1993,CLE,18561000,101.0
1994,CLE,30490500,131.5
1995,CLE,37937835,169.4
1996,CLE,48107360,217.5
1997,CLE,56802460,274.3
1998,CLE,60800166,335.1
1999,CLE,72978462,408.1
2000,CLE,75880771,484.0
2001,CLE,93152001,577.1
2002,CLE,78909449,656.0
2003,CLE,48584834,704.6
2004,CLE,34319300,738.9
2005,CLE,41502500,780.4
2006,CLE,56031500,836.5
2007,CLE,61673267,898.1
2008,CLE,78970066,977.1
2009,CLE,81579166,1058.7
2010,CLE,61203966,1119.9
2011,CLE,48776566,1168.7
2012,CLE,78430300,1247.1
2013,CLE,75771800,1322.9
2014,CLE,82151899,1405.0
1993,COL,10353500,10.4
1994,COL,23887333,34.2
1995,COL,34154717,68.4
1996,COL,40179823,108.6
1997,COL,43559667,152.1
1998,COL,50484648,202.6
1999,COL,61935837,264.6
2000,COL,61111190,325.7
2001,COL,71541334,397.2
2002,COL,56851043,454.1
2003,COL,67179667,521.2
2004,COL,65445167,586.7
2005,COL,47839000,634.5
2006,COL,41233000,675.8
2007,COL,54041000,729.8
2008,COL,68655500,798.5
2009,COL,75201000,873.7
2010,COL,84227000,957.9
2011,COL,88148071,1046.0
2012,COL,78069571,1124.1
2013,COL,74409071,1198.5
2014,COL,95403500,1293.9
1985,DET,10348143,10.3
1986,DET,12335714,22.7
1987,DET,12122881,34.8
1988,DET,12869571,47.7
1989,DET,15146404,62.8
1990,DET,17593238,80.4
1991,DET,23838333,104.3
1992,DET,27322834,131.6
1993,DET,38150165,169.7
1994,DET,41446501,211.2
1995,DET,37044168,248.2
1996,DET,23438000,271.7
1997,DET,17272000,288.9
1998,DET,24065000,313.0
1999,DET,36489666,349.5
2000,DET,58265167,407.7
2001,DET,53416167,461.2
2002,DET,55048000,516.2
2003,DET,49168000,565.4
2004,DET,46832000,612.2
2005,DET,69092000,681.3
2006,DET,82612866,763.9
2007,DET,94800369,858.7
2008,DET,137685196,996.4
2009,DET,115085145,1111.5
2010,DET,122864928,1234.4
2011,DET,105700231,1340.1
2012,DET,132300000,1472.4
2013,DET,145989500,1618.3
2014,DET,152855500,1771.2
1993,FLO,19330545,19.3
1994,FLO,21633000,41.0
1995,FLO,24515781,65.5
1996,FLO,31022500,96.5
1997,FLO,48692500,145.2
1998,FLO,41322667,186.5
1999,FLO,21085000,207.6
2000,FLO,19872000,227.5
2001,FLO,35762500,263.2
2002,FLO,41979917,305.2
2003,FLO,49450000,354.7
2004,FLO,42143042,396.8
2005,FLO,60408834,457.2
2006,FLO,14671500,471.9
2007,FLO,30507000,502.4
2008,FLO,21811500,524.2
2009,FLO,36834000,561.0
2010,FLO,57029719,618.1
2011,FLO,56944000,675.0
1985,HOU,9993051,10.0
1986,HOU,9873276,19.9
1987,HOU,12608371,32.5
1988,HOU,12286167,44.8
1989,HOU,15029500,59.8
1990,HOU,18330000,78.1
1991,HOU,12852500,91.0
1992,HOU,15407500,106.4
1993,HOU,30210500,136.6
1994,HOU,33126000,169.7
1995,HOU,34169834,203.9
1996,HOU,28487000,232.4
1997,HOU,34777500,267.2
1998,HOU,42374000,309.5
1999,HOU,54914000,364.4
2000,HOU,51289111,415.7
2001,HOU,60612667,476.3
2002,HOU,63448417,539.8
2003,HOU,71040000,610.8
2004,HOU,75397000,686.2
2005,HOU,76779000,763.0
2006,HOU,88694435,851.7
2007,HOU,87759000,939.5
2008,HOU,88930414,1028.4
2009,HOU,102996414,1131.4
2010,HOU,92355500,1223.7
2011,HOU,70694000,1294.4
2012,HOU,60651000,1355.1
2013,HOU,17890700,1373.0
2014,HOU,35116300,1408.1
1985,KCA,9321179,9.3
1986,KCA,13043698,22.4
1987,KCA,11828056,34.2
1988,KCA,14556562,48.7
1989,KCA,18683568,67.4
1990,KCA,23361084,90.8
1991,KCA,26319834,117.1
1992,KCA,33893834,151.0
1993,KCA,41346167,192.4
1994,KCA,40541334,232.9
1995,KCA,29532834,262.4
1996,KCA,20281250,282.7
1997,KCA,34655000,317.4
1998,KCA,36862500,354.2
1999,KCA,26225000,380.5
2000,KCA,23433000,403.9
2001,KCA,35422500,439.3
2002,KCA,47257000,486.6
2003,KCA,40518000,527.1
2004,KCA,47609000,574.7
2005,KCA,36881000,611.6
2006,KCA,47294000,658.9
2007,KCA,67116500,726.0
2008,KCA,58245500,784.2
2009,KCA,70519333,854.7
2010,KCA,71405210,926.2
2011,KCA,35712000,961.9
2012,KCA,60916225,1022.8
2013,KCA,80091725,1102.9
2014,KCA,74594075,1177.5
2005,LAA,94867822,94.9
2006,LAA,103472000,198.3
2007,LAA,109251333,307.6
2008,LAA,119216333,426.8
2009,LAA,113709000,540.5
2010,LAA,104963866,645.5
2011,LAA,138543166,784.0
2012,LAA,154485166,938.5
2013,LAA,124174750,1062.7
2014,LAA,121988250,1184.7
1985,LAN,10967917,11.0
1986,LAN,14913776,25.9
1987,LAN,13675403,39.6
1988,LAN,16850515,56.4
1989,LAN,21071562,77.5
1990,LAN,21318704,98.8
1991,LAN,32790664,131.6
1992,LAN,44788166,176.4
1993,LAN,39331999,215.7
1994,LAN,38000001,253.7
1995,LAN,39273201,293.0
1996,LAN,35355000,328.3
1997,LAN,45380304,373.7
1998,LAN,48820000,422.5
1999,LAN,80862453,503.4
2000,LAN,87924286,591.3
2001,LAN,109105953,700.4
2002,LAN,94850953,795.3
2003,LAN,105572620,900.9
2004,LAN,92902001,993.8
2005,LAN,83039000,1076.8
2006,LAN,98447187,1175.2
2007,LAN,108454524,1283.7
2008,LAN,118588536,1402.3
2009,LAN,100414592,1502.7
2010,LAN,95358016,1598.1
2011,LAN,104188999,1702.2
2012,LAN,95143575,1797.4
2013,LAN,223362196,2020.8
2014,LAN,217014600,2237.8
2012,MIA,118078000,118.1
2013,MIA,33601900,151.7
2014,MIA,41836900,193.5
1998,MIL,33914904,33.9
1999,MIL,43377395,77.3
2000,MIL,36505333,113.8
2001,MIL,43886833,157.7
2002,MIL,50287833,208.0
2003,MIL,40627000,248.6
2004,MIL,27528500,276.1
2005,MIL,39934833,316.1
2006,MIL,57568333,373.6
2007,MIL,70986500,444.6
2008,MIL,80937499,525.6
2009,MIL,80182502,605.7
2010,MIL,81108278,686.8
2011,MIL,85497333,772.3
2012,MIL,97653944,870.0
2013,MIL,76947033,946.9
2014,MIL,101217000,1048.2
1985,MIN,5764821,5.8
1986,MIN,8748167,14.5
1987,MIN,6397500,20.9
1988,MIN,12462666,33.4
1989,MIN,15531666,48.9
1990,MIN,14602000,63.5
1991,MIN,23361833,86.9
1992,MIN,28027834,114.9
1993,MIN,28217933,143.1
1994,MIN,28438500,171.6
1995,MIN,25410500,197.0
1996,MIN,23117000,220.1
1997,MIN,34072500,254.2
1998,MIN,27927500,282.1
1999,MIN,21257500,303.3
2000,MIN,16519500,319.9
2001,MIN,24130000,344.0
2002,MIN,40425000,384.4
2003,MIN,55505000,439.9
2004,MIN,53585000,493.5
2005,MIN,56186000,549.7
2006,MIN,63396006,613.1
2007,MIN,71439500,684.5
2008,MIN,56932766,741.5
2009,MIN,65299266,806.8
2010,MIN,97559166,904.3
2011,MIN,112737000,1017.1
2012,MIN,94085000,1111.1
2013,MIN,75337500,1186.5
2014,MIN,83762500,1270.2
1985,ML4,11284107,11.3
1986,ML4,9943642,21.2
1987,ML4,7293224,28.5
1988,ML4,8402000,36.9
1989,ML4,11533000,48.5
1990,ML4,19719167,68.2
1991,ML4,23115500,91.3
1992,ML4,31013667,122.3
1993,ML4,23806834,146.1
1994,ML4,24350500,170.5
1995,ML4,17798825,188.3
1996,ML4,21730000,210.0
1997,ML4,23655338,233.6
1985,MON,9470166,9.5
1986,MON,11103600,20.6
1987,MON,6942052,27.5
1988,MON,9603333,37.1
1989,MON,13807389,50.9
1990,MON,16586388,67.5
1991,MON,10732333,78.2
1992,MON,15822334,94.1
1993,MON,18899333,113.0
1994,MON,19098000,132.1
1995,MON,12364000,144.4
1996,MON,16264500,160.7
1997,MON,19295500,180.0
1998,MON,10641500,190.6
1999,MON,17903000,208.5
2000,MON,32994333,241.5
2001,MON,35159500,276.7
2002,MON,38670500,315.4
2003,MON,51948500,367.3
2004,MON,40897500,408.2
1985,NYA,14238204,14.2
1986,NYA,18494253,32.7
1987,NYA,17099714,49.8
1988,NYA,19441152,69.3
1989,NYA,17114375,86.4
1990,NYA,20912318,107.3
1991,NYA,27344168,134.6
1992,NYA,37543334,172.2
1993,NYA,42624900,214.8
1994,NYA,45731334,260.5
1995,NYA,48874851,309.4
1996,NYA,54191792,363.6
1997,NYA,62241545,425.9
1998,NYA,66806867,492.7
1999,NYA,86734359,579.4
2000,NYA,92338260,671.7
2001,NYA,112287143,784.0
2002,NYA,125928583,909.9
2003,NYA,152749814,1062.7
2004,NYA,184193950,1246.9
2005,NYA,208306817,1455.2
2006,NYA,194663079,1649.9
2007,NYA,189259045,1839.1
2008,NYA,207896789,2047.0
2009,NYA,201449189,2248.5
2010,NYA,206333389,2454.8
2011,NYA,202275028,2657.1
2012,NYA,196522289,2853.6
2013,NYA,231978886,3085.6
2014,NYA,197543907,3283.1
2014,NYM,54806990,54.8
1985,NYN,10834762,10.8
1986,NYN,15393714,26.2
1987,NYN,13846714,40.1
1988,NYN,15269314,55.3
1989,NYN,19885071,75.2
1990,NYN,21722834,97.0
1991,NYN,32590001,129.5
1992,NYN,44602002,174.1
1993,NYN,39043667,213.2
1994,NYN,30956583,244.1
1995,NYN,27674992,271.8
1996,NYN,24479500,296.3
1997,NYN,39800400,336.1
1998,NYN,52077999,388.2
1999,NYN,65092092,453.3
2000,NYN,79509776,532.8
2001,NYN,93174428,626.0
2002,NYN,94633593,720.6
2003,NYN,116876429,837.5
2004,NYN,96660970,934.1
2005,NYN,101305821,1035.4
2006,NYN,101084963,1136.5
2007,NYN,115231663,1251.7
2008,NYN,137793376,1389.5
2009,NYN,149373987,1538.9
2010,NYN,134422942,1673.3
2011,NYN,118847309,1792.2
2012,NYN,93353983,1885.5
2013,NYN,49448346,1935.0
2014,NYN,30750000,1965.7
1985,OAK,9058606,9.1
1986,OAK,9779421,18.8
1987,OAK,11680839,30.5
1988,OAK,9690000,40.2
1989,OAK,15613070,55.8
1990,OAK,19887501,75.7
1991,OAK,36999167,112.7
1992,OAK,41035000,153.7
1993,OAK,37812333,191.6
1994,OAK,34172500,225.7
1995,OAK,37739225,263.5
1996,OAK,21243000,284.7
1997,OAK,24018500,308.7
1998,OAK,21303000,330.0
1999,OAK,24431833,354.5
2000,OAK,31971333,386.4
2001,OAK,33810750,420.2
2002,OAK,40004167,460.3
2003,OAK,50260834,510.5
2004,OAK,59425667,569.9
2005,OAK,55425762,625.4
2006,OAK,62243079,687.6
2007,OAK,79366940,767.0
2008,OAK,47967126,814.9
2009,OAK,61910000,876.8
2010,OAK,55254900,932.1
2011,OAK,66536500,998.6
2012,OAK,55372500,1054.0
2013,OAK,60132500,1114.1
2014,OAK,72408400,1186.6
1985,PHI,10124966,10.1
1986,PHI,11590166,21.7
1987,PHI,11514233,33.2
1988,PHI,13838000,47.1
1989,PHI,10604000,57.7
1990,PHI,13173667,70.8
1991,PHI,22487332,93.3
1992,PHI,24383834,117.7
1993,PHI,28538334,146.3
1994,PHI,31599000,177.9
1995,PHI,30555945,208.4
1996,PHI,34314500,242.7
1997,PHI,36656500,279.4
1998,PHI,36297500,315.7
1999,PHI,31692500,347.4
2000,PHI,47308000,394.7
2001,PHI,41663833,436.3
2002,PHI,57954999,494.3
2003,PHI,70780000,565.1
2004,PHI,92919167,658.0
2005,PHI,95522000,753.5
2006,PHI,88273333,841.8
2007,PHI,89428213,931.2
2008,PHI,97879880,1029.1
2009,PHI,113004046,1142.1
2010,PHI,141928379,1284.0
2011,PHI,172976379,1457.0
2012,PHI,174538938,1631.5
2013,PHI,169863189,1801.4
2014,PHI,180944967,1982.4
1985,PIT,9227500,9.2
1986,PIT,10843500,20.1
1987,PIT,7652000,27.7
1988,PIT,5998500,33.7
1989,PIT,12737500,46.5
1990,PIT,15556000,62.0
1991,PIT,23634667,85.6
1992,PIT,33944167,119.6
1993,PIT,24822467,144.4
1994,PIT,24217250,168.6
1995,PIT,18355345,187.0
1996,PIT,23017500,210.0
1997,PIT,10771667,220.8
1998,PIT,15065000,235.8
1999,PIT,24697666,260.5
2000,PIT,28928334,289.5
2001,PIT,57760833,347.2
2002,PIT,42323599,389.6
2003,PIT,54812429,444.4
2004,PIT,32227929,476.6
2005,PIT,38133000,514.7
2006,PIT,46717750,561.4
2007,PIT,38537833,600.0
2008,PIT,48689783,648.7
2009,PIT,48693000,697.4
2010,PIT,34943000,732.3
2011,PIT,45047000,777.4
2012,PIT,62951999,840.3
2013,PIT,77062000,917.4
2014,PIT,77178000,994.5
1985,SDN,11036583,11.0
1986,SDN,11380693,22.4
1987,SDN,11065796,33.5
1988,SDN,9561002,43.0
1989,SDN,14195000,57.2
1990,SDN,17588334,74.8
1991,SDN,22150001,97.0
1992,SDN,26854167,123.8
1993,SDN,25511333,149.3
1994,SDN,14916333,164.3
1995,SDN,26382334,190.6
1996,SDN,28348172,219.0
1997,SDN,37363672,256.4
1998,SDN,46861500,303.2
1999,SDN,49768179,353.0
2000,SDN,54821000,407.8
2001,SDN,39182833,447.0
2002,SDN,41425000,488.4
2003,SDN,45210000,533.6
2004,SDN,55384833,589.0
2005,SDN,63290833,652.3
2006,SDN,69896141,722.2
2007,SDN,58110567,780.3
2008,SDN,73677616,854.0
2009,SDN,43333700,897.3
2010,SDN,37799300,935.1
2011,SDN,45869140,981.0
2012,SDN,55244700,1036.2
2013,SDN,65585500,1101.8
2014,SDN,75685700,1177.5
1985,SEA,4613000,4.6
1986,SEA,5958309,10.6
1987,SEA,2263500,12.8
1988,SEA,7342450,20.2
1989,SEA,9779500,30.0
1990,SEA,12553667,42.5
1991,SEA,15691833,58.2
1992,SEA,23179833,81.4
1993,SEA,32696333,114.1
1994,SEA,29228500,143.3
1995,SEA,36481311,179.8
1996,SEA,41328501,221.1
1997,SEA,41540661,262.7
1998,SEA,54087036,316.7
1999,SEA,54125003,370.9
2000,SEA,58915000,429.8
2001,SEA,74720834,504.5
2002,SEA,80282668,584.8
2003,SEA,86959167,671.7
2004,SEA,81515834,753.3
2005,SEA,87754334,841.0
2006,SEA,87959833,929.0
2007,SEA,106460833,1035.4
2008,SEA,117666482,1153.1
2009,SEA,98904166,1252.0
2010,SEA,86510000,1338.5
2011,SEA,86110600,1424.6
2012,SEA,81978100,1506.6
2013,SEA,74005043,1580.6
2014,SEA,92531100,1673.1
2014,SFG,143510167,143.5
1985,SFN,8221714,8.2
1986,SFN,8947000,17.2
1987,SFN,7290000,24.5
1988,SFN,12380000,36.8
1989,SFN,14962834,51.8
1990,SFN,19335333,71.1
1991,SFN,30967666,102.1
1992,SFN,33163168,135.3
1993,SFN,35050000,170.3
1994,SFN,42638666,213.0
1995,SFN,36462777,249.4
1996,SFN,37144725,286.6
1997,SFN,35592378,322.2
1998,SFN,42565834,364.7
1999,SFN,46595057,411.3
2000,SFN,53737826,465.1
2001,SFN,63280167,528.3
2002,SFN,78299835,606.6
2003,SFN,82852167,689.5
2004,SFN,82019166,771.5
2005,SFN,90199500,861.7
2006,SFN,90056419,951.8
2007,SFN,90219056,1042.0
2008,SFN,76594500,1118.6
2009,SFN,83026450,1201.6
2010,SFN,98641333,1300.2
2011,SFN,118198333,1418.4
2012,SFN,117620683,1536.1
2013,SFN,140180334,1676.2
2014,SFN,20000000,1696.2
1985,SLN,11817083,11.8
1986,SLN,9875010,21.7
1987,SLN,11758000,33.5
1988,SLN,12880000,46.3
1989,SLN,16078833,62.4
1990,SLN,20523334,82.9
1991,SLN,21860001,104.8
1992,SLN,27583836,132.4
1993,SLN,23367334,155.7
1994,SLN,29275601,185.0
1995,SLN,37101000,222.1
1996,SLN,40269667,262.4
1997,SLN,45456667,307.8
1998,SLN,54672521,362.5
1999,SLN,49778195,412.3
2000,SLN,61453863,473.8
2001,SLN,78538333,552.3
2002,SLN,74660875,627.0
2003,SLN,83786666,710.7
2004,SLN,83228333,794.0
2005,SLN,92106833,886.1
2006,SLN,88891371,975.0
2007,SLN,90286823,1065.3
2008,SLN,99624449,1164.9
2009,SLN,88528409,1253.4
2010,SLN,93540751,1346.9
2011,SLN,105433572,1452.4
2012,SLN,110300862,1562.7
2013,SLN,92260110,1654.9
2014,SLN,120693000,1775.6
1998,TBA,27280000,27.3
1999,TBA,38870000,66.2
2000,TBA,62765129,128.9
2001,TBA,56980000,185.9
2002,TBA,34380000,220.3
2003,TBA,19630000,239.9
2004,TBA,29556667,269.5
2005,TBA,29679067,299.1
2006,TBA,34917967,334.1
2007,TBA,24123500,358.2
2008,TBA,43820597,402.0
2009,TBA,63313034,465.3
2010,TBA,71923471,537.2
2011,TBA,41053571,578.3
2012,TBA,64173500,642.5
2013,TBA,52955272,695.4
2014,TBA,72689100,768.1
1985,TEX,7676500,7.7
1986,TEX,6743119,14.4
1987,TEX,880000,15.3
1988,TEX,5342131,20.6
1989,TEX,11893781,32.5
1990,TEX,14874372,47.4
1991,TEX,18224500,65.6
1992,TEX,30128167,95.8
1993,TEX,36376959,132.1
1994,TEX,32973597,165.1
1995,TEX,34581451,199.7
1996,TEX,39041528,238.7
1997,TEX,53448838,292.2
1998,TEX,56572095,348.8
1999,TEX,76709931,425.5
2000,TEX,70795921,496.3
2001,TEX,88633500,584.9
2002,TEX,105526122,690.4
2003,TEX,103491667,793.9
2004,TEX,55050417,849.0
2005,TEX,55849000,904.8
2006,TEX,68228662,973.0
2007,TEX,68318675,1041.4
2008,TEX,67712326,1109.1
2009,TEX,68178798,1177.3
2010,TEX,55250544,1232.5
2011,TEX,92299264,1324.8
2012,TEX,120510974,1445.3
2013,TEX,112522600,1557.8
2014,TEX,112255059,1670.1
1985,TOR,8812550,8.8
1986,TOR,12611047,21.4
1987,TOR,10479501,31.9
1988,TOR,12241225,44.1
1989,TOR,16261666,60.4
1990,TOR,17756834,78.2
1991,TOR,19902417,98.1
1992,TOR,44788666,142.9
1993,TOR,47279166,190.1
1994,TOR,43433668,233.6
1995,TOR,50590000,284.2
1996,TOR,29555083,313.7
1997,TOR,47079833,360.8
1998,TOR,51376000,412.2
1999,TOR,45444333,457.6
2000,TOR,44838332,502.5
2001,TOR,76895999,579.3
2002,TOR,76864333,656.2
2003,TOR,51269000,707.5
2004,TOR,50017000,757.5
2005,TOR,45719500,803.2
2006,TOR,71365000,874.6
2007,TOR,81942800,956.5
2008,TOR,97793900,1054.3
2009,TOR,80538300,1134.9
2010,TOR,62234000,1197.1
2011,TOR,62567800,1259.7
2012,TOR,75009200,1334.7
2013,TOR,126288100,1461.0
2014,TOR,109920100,1570.9
2005,WAS,48581500,48.6
2006,WAS,63143000,111.7
2007,WAS,36947500,148.7
2008,WAS,54961000,203.6
2009,WAS,59928000,263.6
2010,WAS,61400000,325.0
2011,WAS,63856928,388.8
2012,WAS,80855143,469.7
2013,WAS,113703270,583.4
2014,WAS,131983680,715.4
